{
  "vad": {
    "mode": "vad",
    "chunk_ms": 200,
    "audio_duration_sec": 29.5915625,
    "num_committed_events": 10,
    "first_committed_latency_sec": 1.9568771250051213,
    "commit_times_sec": [
      1.9568771250051213,
      3.9969150420074584,
      5.980770792011754,
      9.03112445800798,
      12.053941999998642,
      15.084794750000583,
      18.09662766700785,
      21.13740195801074,
      24.20099383300112,
      27.191827292001108
    ]
  },
  "manual": {
    "mode": "manual",
    "chunk_ms": 200,
    "audio_duration_sec": 29.5915625,
    "num_committed_events": 2,
    "commit_times_sec": [
      15.117512958997395,
      30.495255041998462
    ]
  }
}